Code du département,Libellé du département,Inscrits,Abstentions,% Abs/Ins,Votants,% Vot/Ins,Blancs,% Blancs/Ins,% Blancs/Vot,Nuls,% Nuls/Ins,% Nuls/Vot,Exprimés,% Exp/Ins,% Exp/Vot,Sexe,Nom,Prénom,Voix,% Voix/Ins,% Voix/Exp,Sexe,Nom,Prénom,Voix,% Voix/Ins,% Voix/Exp,Sexe,Nom,Prénom,Voix,% Voix/Ins,% Voix/Exp,Sexe,Nom,Prénom,Voix,% Voix/Ins,% Voix/Exp,Sexe,Nom,Prénom,Voix,% Voix/Ins,% Voix/Exp,Sexe,Nom,Prénom,Voix,% Voix/Ins,% Voix/Exp,Sexe,Nom,Prénom,Voix,% Voix/Ins,% Voix/Exp,Sexe,Nom,Prénom,Voix,% Voix/Ins,% Voix/Exp,Sexe,Nom,Prénom,Voix,% Voix/Ins,% Voix/Exp,Sexe,Nom,Prénom,Voix,% Voix/Ins,% Voix/Exp,Sexe,Nom,Prénom,Voix,% Voix/Ins,% Voix/Exp
01,Ain,415886,81507,"19,6",334379,"80,4",6342,"1,52","1,9",2238,"0,54","0,67",325799,"78,34","97,43",F,LE PEN,Marine,81455,"19,59",25,M,MACRON,Emmanuel,73692,"17,72","22,62",M,FILLON,François,69805,"16,78","21,43",M,MÉLENCHON,Jean-Luc,51736,"12,44","15,88",M,DUPONT-AIGNAN,Nicolas,19788,"4,76","6,07",M,HAMON,Benoît,16711,"4,02","5,13",M,ASSELINEAU,François,3612,"0,87","1,11",M,LASSALLE,Jean,3465,"0,83","1,06",M,POUTOU,Philippe,3098,"0,74","0,95",F,ARTHAUD,Nathalie,1842,"0,44","0,57",M,CHEMINADE,Jacques,595,"0,14","0,18"
02,Aisne,375752,80183,"21,34",295569,"78,66",5047,"1,34","1,71",2382,"0,63","0,81",288140,"76,68","97,49",F,LE PEN,Marine,102770,"27,35","35,67",M,MACRON,Emmanuel,51680,"13,75","17,94",M,MÉLENCHON,Jean-Luc,48950,"13,03","16,99",M,FILLON,François,46969,"12,5","16,3",M,DUPONT-AIGNAN,Nicolas,14651,"3,9","5,08",M,HAMON,Benoît,12230,"3,25","4,24",M,POUTOU,Philippe,3156,"0,84","1,1",F,ARTHAUD,Nathalie,2763,"0,74","0,96",M,LASSALLE,Jean,2264,"0,6","0,79",M,ASSELINEAU,François,2171,"0,58","0,75",M,CHEMINADE,Jacques,536,"0,14","0,19"
03,Allier,253508,54275,"21,41",199233,"78,59",4335,"1,71","2,18",2438,"0,96","1,22",192460,"75,92","96,6",M,MACRON,Emmanuel,45651,"18,01","23,72",F,LE PEN,Marine,43004,"16,96","22,34",M,MÉLENCHON,Jean-Luc,38311,"15,11","19,91",M,FILLON,François,36457,"14,38","18,94",M,HAMON,Benoît,10619,"4,19","5,52",M,DUPONT-AIGNAN,Nicolas,9795,"3,86","5,09",M,LASSALLE,Jean,2986,"1,18","1,55",M,POUTOU,Philippe,2322,"0,92","1,21",F,ARTHAUD,Nathalie,1540,"0,61","0,8",M,ASSELINEAU,François,1422,"0,56","0,74",M,CHEMINADE,Jacques,353,"0,14","0,18"
04,Alpes-de-Haute-Provence,126578,24323,"19,22",102255,"80,78",1808,"1,43","1,77",733,"0,58","0,72",99714,"78,78","97,52",F,LE PEN,Marine,24463,"19,33","24,53",M,MÉLENCHON,Jean-Luc,22448,"17,73","22,51",M,MACRON,Emmanuel,19960,"15,77","20,02",M,FILLON,François,18442,"14,57","18,49",M,HAMON,Benoît,4983,"3,94",5,M,DUPONT-AIGNAN,Nicolas,4861,"3,84","4,87",M,LASSALLE,Jean,1721,"1,36","1,73",M,POUTOU,Philippe,1178,"0,93","1,18",M,ASSELINEAU,François,932,"0,74","0,93",F,ARTHAUD,Nathalie,521,"0,41","0,52",M,CHEMINADE,Jacques,205,"0,16","0,21"
05,Hautes-Alpes,109907,20821,"18,94",89086,"81,06",1541,"1,4","1,73",618,"0,56","0,69",86927,"79,09","97,58",M,MACRON,Emmanuel,18948,"17,24","21,8",M,MÉLENCHON,Jean-Luc,18796,"17,1","21,62",F,LE PEN,Marine,18474,"16,81","21,25",M,FILLON,François,16645,"15,14","19,15",M,HAMON,Benoît,5109,"4,65","5,88",M,DUPONT-AIGNAN,Nicolas,4938,"4,49","5,68",M,LASSALLE,Jean,1609,"1,46","1,85",M,POUTOU,Philippe,1049,"0,95","1,21",M,ASSELINEAU,François,783,"0,71","0,9",F,ARTHAUD,Nathalie,411,"0,37","0,47",M,CHEMINADE,Jacques,165,"0,15","0,19"
06,Alpes-Maritimes,761761,161903,"21,25",599858,"78,75",9089,"1,19","1,52",2837,"0,37","0,47",587932,"77,18","98,01",F,LE PEN,Marine,163141,"21,42","27,75",M,FILLON,François,161036,"21,14","27,39",M,MACRON,Emmanuel,111953,"14,7","19,04",M,MÉLENCHON,Jean-Luc,87941,"11,54","14,96",M,DUPONT-AIGNAN,Nicolas,25175,"3,3","4,28",M,HAMON,Benoît,21067,"2,77","3,58",M,ASSELINEAU,François,6067,"0,8","1,03",M,LASSALLE,Jean,5262,"0,69","0,9",M,POUTOU,Philippe,3622,"0,48","0,62",F,ARTHAUD,Nathalie,1729,"0,23","0,29",M,CHEMINADE,Jacques,939,"0,12","0,16"
07,Ardèche,249258,46618,"18,7",202640,"81,3",3896,"1,56","1,92",3188,"1,28","1,57",195556,"78,46","96,5",F,LE PEN,Marine,45305,"18,18","23,17",M,MÉLENCHON,Jean-Luc,42622,"17,1","21,8",M,MACRON,Emmanuel,42320,"16,98","21,64",M,FILLON,François,33835,"13,57","17,3",M,HAMON,Benoît,11757,"4,72","6,01",M,DUPONT-AIGNAN,Nicolas,9926,"3,98","5,08",M,LASSALLE,Jean,3546,"1,42","1,81",M,POUTOU,Philippe,2602,"1,04","1,33",M,ASSELINEAU,François,1969,"0,79","1,01",F,ARTHAUD,Nathalie,1303,"0,52","0,67",M,CHEMINADE,Jacques,371,"0,15","0,19"
08,Ardennes,194379,44076,"22,68",150303,"77,32",2553,"1,31","1,7",947,"0,49","0,63",146803,"75,52","97,67",F,LE PEN,Marine,47578,"24,48","32,41",M,MACRON,Emmanuel,26912,"13,85","18,33",M,MÉLENCHON,Jean-Luc,26172,"13,46","17,83",M,FILLON,François,25273,13,"17,22",M,DUPONT-AIGNAN,Nicolas,7810,"4,02","5,32",M,HAMON,Benoît,7234,"3,72","4,93",M,POUTOU,Philippe,1693,"0,87","1,15",M,LASSALLE,Jean,1406,"0,72","0,96",F,ARTHAUD,Nathalie,1378,"0,71","0,94",M,ASSELINEAU,François,1080,"0,56","0,74",M,CHEMINADE,Jacques,267,"0,14","0,18"
09,Ariège,117409,21392,"18,22",96017,"81,78",1727,"1,47","1,8",984,"0,84","1,02",93306,"79,47","97,18",M,MÉLENCHON,Jean-Luc,24970,"21,27","26,76",F,LE PEN,Marine,20247,"17,24","21,7",M,MACRON,Emmanuel,19523,"16,63","20,92",M,FILLON,François,11892,"10,13","12,75",M,HAMON,Benoît,7326,"6,24","7,85",M,DUPONT-AIGNAN,Nicolas,3369,"2,87","3,61",M,LASSALLE,Jean,3304,"2,81","3,54",M,POUTOU,Philippe,1180,"1,01","1,26",M,ASSELINEAU,François,799,"0,68","0,86",F,ARTHAUD,Nathalie,556,"0,47","0,6",M,CHEMINADE,Jacques,140,"0,12","0,15"
10,Aube,203847,38951,"19,11",164896,"80,89",2745,"1,35","1,66",1083,"0,53","0,66",161068,"79,01","97,68",F,LE PEN,Marine,48846,"23,96","30,33",M,FILLON,François,37122,"18,21","23,05",M,MACRON,Emmanuel,30565,"14,99","18,98",M,MÉLENCHON,Jean-Luc,22496,"11,04","13,97",M,DUPONT-AIGNAN,Nicolas,10235,"5,02","6,35",M,HAMON,Benoît,6545,"3,21","4,06",M,POUTOU,Philippe,1387,"0,68","0,86",M,ASSELINEAU,François,1317,"0,65","0,82",M,LASSALLE,Jean,1159,"0,57","0,72",F,ARTHAUD,Nathalie,1107,"0,54","0,69",M,CHEMINADE,Jacques,289,"0,14","0,18"
11,Aude,272695,52553,"19,27",220142,"80,73",3867,"1,42","1,76",1914,"0,7","0,87",214361,"78,61","97,37",F,LE PEN,Marine,60585,"22,22","28,26",M,MÉLENCHON,Jean-Luc,46126,"16,91","21,52",M,MACRON,Emmanuel,43015,"15,77","20,07",M,FILLON,François,32281,"11,84","15,06",M,HAMON,Benoît,13614,"4,99","6,35",M,DUPONT-AIGNAN,Nicolas,8265,"3,03","3,86",M,LASSALLE,Jean,4642,"1,7","2,17",M,POUTOU,Philippe,2507,"0,92","1,17",M,ASSELINEAU,François,1783,"0,65","0,83",F,ARTHAUD,Nathalie,1195,"0,44","0,56",M,CHEMINADE,Jacques,348,"0,13","0,16"
12,Aveyron,218276,36378,"16,67",181898,"83,33",3630,"1,66",2,1805,"0,83","0,99",176463,"80,84","97,01",M,MACRON,Emmanuel,45584,"20,88","25,83",M,FILLON,François,36664,"16,8","20,78",M,MÉLENCHON,Jean-Luc,34689,"15,89","19,66",F,LE PEN,Marine,28588,"13,1","16,2",M,HAMON,Benoît,10878,"4,98","6,16",M,DUPONT-AIGNAN,Nicolas,8554,"3,92","4,85",M,LASSALLE,Jean,6461,"2,96","3,66",M,POUTOU,Philippe,2322,"1,06","1,32",M,ASSELINEAU,François,1304,"0,6","0,74",F,ARTHAUD,Nathalie,1106,"0,51","0,63",M,CHEMINADE,Jacques,313,"0,14","0,18"
13,Bouches-du-Rhône,1372394,300146,"21,87",1072248,"78,13",16578,"1,21","1,55",5972,"0,44","0,56",1049698,"76,49","97,9",F,LE PEN,Marine,286397,"20,87","27,28",M,MÉLENCHON,Jean-Luc,231194,"16,85","22,02",M,FILLON,François,207466,"15,12","19,76",M,MACRON,Emmanuel,203312,"14,81","19,37",M,HAMON,Benoît,47564,"3,47","4,53",M,DUPONT-AIGNAN,Nicolas,40447,"2,95","3,85",M,LASSALLE,Jean,10040,"0,73","0,96",M,ASSELINEAU,François,9418,"0,69","0,9",M,POUTOU,Philippe,8006,"0,58","0,76",F,ARTHAUD,Nathalie,4114,"0,3","0,39",M,CHEMINADE,Jacques,1740,"0,13","0,17"
14,Calvados,501153,90313,"18,02",410840,"81,98",6292,"1,26","1,53",2926,"0,58","0,71",401622,"80,14","97,76",M,MACRON,Emmanuel,99720,"19,9","24,83",M,FILLON,François,82340,"16,43","20,5",F,LE PEN,Marine,81770,"16,32","20,36",M,MÉLENCHON,Jean-Luc,75620,"15,09","18,83",M,HAMON,Benoît,27293,"5,45","6,8",M,DUPONT-AIGNAN,Nicolas,20079,"4,01",5,M,POUTOU,Philippe,5269,"1,05","1,31",F,ARTHAUD,Nathalie,3099,"0,62","0,77",M,LASSALLE,Jean,2911,"0,58","0,72",M,ASSELINEAU,François,2830,"0,56","0,7",M,CHEMINADE,Jacques,691,"0,14","0,17"
15,Cantal,117425,22767,"19,39",94658,"80,61",2113,"1,8","2,23",979,"0,83","1,03",91566,"77,98","96,73",M,MACRON,Emmanuel,24477,"20,84","26,73",M,FILLON,François,21589,"18,39","23,58",F,LE PEN,Marine,16641,"14,17","18,17",M,MÉLENCHON,Jean-Luc,14566,"12,4","15,91",M,HAMON,Benoît,4810,"4,1","5,25",M,DUPONT-AIGNAN,Nicolas,4047,"3,45","4,42",M,LASSALLE,Jean,2840,"2,42","3,1",M,POUTOU,Philippe,1179,1,"1,29",F,ARTHAUD,Nathalie,692,"0,59","0,76",M,ASSELINEAU,François,527,"0,45","0,58",M,CHEMINADE,Jacques,198,"0,17","0,22"
16,Charente,259954,54980,"21,15",204974,"78,85",3736,"1,44","1,82",2225,"0,86","1,09",199013,"76,56","97,09",M,MACRON,Emmanuel,49889,"19,19","25,07",F,LE PEN,Marine,42598,"16,39","21,4",M,MÉLENCHON,Jean-Luc,40755,"15,68","20,48",M,FILLON,François,33744,"12,98","16,96",M,HAMON,Benoît,12569,"4,84","6,32",M,DUPONT-AIGNAN,Nicolas,10008,"3,85","5,03",M,LASSALLE,Jean,3085,"1,19","1,55",M,POUTOU,Philippe,2724,"1,05","1,37",F,ARTHAUD,Nathalie,1651,"0,64","0,83",M,ASSELINEAU,François,1540,"0,59","0,77",M,CHEMINADE,Jacques,450,"0,17","0,23"
17,Charente-Maritime,491369,99351,"20,22",392018,"79,78",6848,"1,39","1,75",3105,"0,63","0,79",382065,"77,76","97,46",M,MACRON,Emmanuel,91355,"18,59","23,91",F,LE PEN,Marine,80764,"16,44","21,14",M,FILLON,François,78659,"16,01","20,59",M,MÉLENCHON,Jean-Luc,72491,"14,75","18,97",M,HAMON,Benoît,22023,"4,48","5,76",M,DUPONT-AIGNAN,Nicolas,20333,"4,14","5,32",M,LASSALLE,Jean,5276,"1,07","1,38",M,POUTOU,Philippe,4876,"0,99","1,28",M,ASSELINEAU,François,3020,"0,61","0,79",F,ARTHAUD,Nathalie,2576,"0,52","0,67",M,CHEMINADE,Jacques,692,"0,14","0,18"
18,Cher,228983,50910,"22,23",178073,"77,77",4010,"1,75","2,25",1377,"0,6","0,77",172686,"75,41","96,97",F,LE PEN,Marine,41753,"18,23","24,18",M,MACRON,Emmanuel,38076,"16,63","22,05",M,MÉLENCHON,Jean-Luc,33694,"14,71","19,51",M,FILLON,François,32967,"14,4","19,09",M,DUPONT-AIGNAN,Nicolas,9554,"4,17","5,53",M,HAMON,Benoît,9157,4,"5,3",M,POUTOU,Philippe,2106,"0,92","1,22",M,LASSALLE,Jean,1925,"0,84","1,11",F,ARTHAUD,Nathalie,1630,"0,71","0,94",M,ASSELINEAU,François,1479,"0,65","0,86",M,CHEMINADE,Jacques,345,"0,15","0,2"
19,Corrèze,185277,34299,"18,51",150978,"81,49",3429,"1,85","2,27",1936,"1,04","1,28",145613,"78,59","96,45",M,MACRON,Emmanuel,39218,"21,17","26,93",M,MÉLENCHON,Jean-Luc,30357,"16,38","20,85",M,FILLON,François,25427,"13,72","17,46",F,LE PEN,Marine,25253,"13,63","17,34",M,HAMON,Benoît,9263,5,"6,36",M,DUPONT-AIGNAN,Nicolas,7049,"3,8","4,84",M,LASSALLE,Jean,4253,"2,3","2,92",M,POUTOU,Philippe,2319,"1,25","1,59",M,ASSELINEAU,François,1094,"0,59","0,75",F,ARTHAUD,Nathalie,1051,"0,57","0,72",M,CHEMINADE,Jacques,329,"0,18","0,23"
2A,Corse-du-Sud,108781,33758,"31,03",75023,"68,97",1208,"1,11","1,61",947,"0,87","1,26",72868,"66,99","97,13",F,LE PEN,Marine,20858,"19,17","28,62",M,FILLON,François,18714,"17,2","25,68",M,MACRON,Emmanuel,13022,"11,97","17,87",M,MÉLENCHON,Jean-Luc,10085,"9,27","13,84",M,LASSALLE,Jean,3948,"3,63","5,42",M,HAMON,Benoît,2546,"2,34","3,49",M,DUPONT-AIGNAN,Nicolas,2218,"2,04","3,04",M,POUTOU,Philippe,657,"0,6","0,9",M,ASSELINEAU,François,485,"0,45","0,67",F,ARTHAUD,Nathalie,218,"0,2","0,3",M,CHEMINADE,Jacques,117,"0,11","0,16"
2B,Haute-Corse,124875,40907,"32,76",83968,"67,24",1666,"1,33","1,98",794,"0,64","0,95",81508,"65,27","97,07",F,LE PEN,Marine,22183,"17,76","27,22",M,FILLON,François,20739,"16,61","25,44",M,MACRON,Emmanuel,15506,"12,42","19,02",M,MÉLENCHON,Jean-Luc,11229,"8,99","13,78",M,LASSALLE,Jean,4763,"3,81","5,84",M,HAMON,Benoît,3234,"2,59","3,97",M,DUPONT-AIGNAN,Nicolas,2244,"1,8","2,75",M,POUTOU,Philippe,717,"0,57","0,88",M,ASSELINEAU,François,480,"0,38","0,59",F,ARTHAUD,Nathalie,277,"0,22","0,34",M,CHEMINADE,Jacques,136,"0,11","0,17"
21,Côte-d'Or,360658,68680,"19,04",291978,"80,96",5118,"1,42","1,75",1736,"0,48","0,59",285124,"79,06","97,65",M,MACRON,Emmanuel,67436,"18,7","23,65",F,LE PEN,Marine,64200,"17,8","22,52",M,FILLON,François,60625,"16,81","21,26",M,MÉLENCHON,Jean-Luc,50859,"14,1","17,84",M,HAMON,Benoît,16810,"4,66","5,9",M,DUPONT-AIGNAN,Nicolas,14980,"4,15","5,25",M,POUTOU,Philippe,2818,"0,78","0,99",M,LASSALLE,Jean,2635,"0,73","0,92",M,ASSELINEAU,François,2457,"0,68","0,86",F,ARTHAUD,Nathalie,1795,"0,5","0,63",M,CHEMINADE,Jacques,509,"0,14","0,18"
22,Côtes-d'Armor,455958,71617,"15,71",384341,"84,29",6436,"1,41","1,67",2936,"0,64","0,76",374969,"82,24","97,56",M,MACRON,Emmanuel,104969,"23,02","27,99",M,MÉLENCHON,Jean-Luc,76013,"16,67","20,27",M,FILLON,François,68916,"15,11","18,38",F,LE PEN,Marine,61703,"13,53","16,46",M,HAMON,Benoît,32260,"7,08","8,6",M,DUPONT-AIGNAN,Nicolas,15958,"3,5","4,26",M,POUTOU,Philippe,5468,"1,2","1,46",M,LASSALLE,Jean,3554,"0,78","0,95",F,ARTHAUD,Nathalie,3028,"0,66","0,81",M,ASSELINEAU,François,2479,"0,54","0,66",M,CHEMINADE,Jacques,621,"0,14","0,17"
23,Creuse,93113,19917,"21,39",73196,"78,61",1950,"2,09","2,66",995,"1,07","1,36",70251,"75,45","95,98",M,MACRON,Emmanuel,15807,"16,98","22,5",M,MÉLENCHON,Jean-Luc,14827,"15,92","21,11",F,LE PEN,Marine,13966,15,"19,88",M,FILLON,François,12637,"13,57","17,99",M,HAMON,Benoît,5494,"5,9","7,82",M,DUPONT-AIGNAN,Nicolas,3521,"3,78","5,01",M,LASSALLE,Jean,1352,"1,45","1,92",M,POUTOU,Philippe,1209,"1,3","1,72",F,ARTHAUD,Nathalie,684,"0,73","0,97",M,ASSELINEAU,François,580,"0,62","0,83",M,CHEMINADE,Jacques,174,"0,19","0,25"
24,Dordogne,314020,57520,"18,32",256500,"81,68",5047,"1,61","1,97",2743,"0,87","1,07",248710,"79,2","96,96",M,MÉLENCHON,Jean-Luc,57132,"18,19","22,97",M,MACRON,Emmanuel,55945,"17,82","22,49",F,LE PEN,Marine,52044,"16,57","20,93",M,FILLON,François,42510,"13,54","17,09",M,HAMON,Benoît,15783,"5,03","6,35",M,DUPONT-AIGNAN,Nicolas,11424,"3,64","4,59",M,LASSALLE,Jean,6050,"1,93","2,43",M,POUTOU,Philippe,3578,"1,14","1,44",M,ASSELINEAU,François,2128,"0,68","0,86",F,ARTHAUD,Nathalie,1626,"0,52","0,65",M,CHEMINADE,Jacques,490,"0,16","0,2"
25,Doubs,368401,76199,"20,68",292202,"79,32",5807,"1,58","1,99",2216,"0,6","0,76",284179,"77,14","97,25",F,LE PEN,Marine,66635,"18,09","23,45",M,MACRON,Emmanuel,63954,"17,36","22,5",M,FILLON,François,59929,"16,27","21,09",M,MÉLENCHON,Jean-Luc,50803,"13,79","17,88",M,HAMON,Benoît,16318,"4,43","5,74",M,DUPONT-AIGNAN,Nicolas,14733,4,"5,18",M,POUTOU,Philippe,3565,"0,97","1,25",M,ASSELINEAU,François,3129,"0,85","1,1",M,LASSALLE,Jean,2532,"0,69","0,89",F,ARTHAUD,Nathalie,2051,"0,56","0,72",M,CHEMINADE,Jacques,530,"0,14","0,19"
26,Drôme,369489,73210,"19,81",296279,"80,19",5470,"1,48","1,85",2068,"0,56","0,7",288741,"78,15","97,46",F,LE PEN,Marine,68996,"18,67","23,9",M,MACRON,Emmanuel,63164,"17,09","21,88",M,MÉLENCHON,Jean-Luc,58037,"15,71","20,1",M,FILLON,François,53403,"14,45","18,5",M,HAMON,Benoît,17385,"4,71","6,02",M,DUPONT-AIGNAN,Nicolas,14997,"4,06","5,19",M,LASSALLE,Jean,3868,"1,05","1,34",M,POUTOU,Philippe,3174,"0,86","1,1",M,ASSELINEAU,François,2988,"0,81","1,03",F,ARTHAUD,Nathalie,2196,"0,59","0,76",M,CHEMINADE,Jacques,533,"0,14","0,18"
27,Eure,427533,82215,"19,23",345318,"80,77",6024,"1,41","1,74",2517,"0,59","0,73",336777,"78,77","97,53",F,LE PEN,Marine,98719,"23,09","29,31",M,MACRON,Emmanuel,66986,"15,67","19,89",M,FILLON,François,63436,"14,84","18,84",M,MÉLENCHON,Jean-Luc,58844,"13,76","17,47",M,DUPONT-AIGNAN,Nicolas,19096,"4,47","5,67",M,HAMON,Benoît,16999,"3,98","5,05",M,POUTOU,Philippe,3933,"0,92","1,17",M,ASSELINEAU,François,2927,"0,68","0,87",F,ARTHAUD,Nathalie,2633,"0,62","0,78",M,LASSALLE,Jean,2602,"0,61","0,77",M,CHEMINADE,Jacques,602,"0,14","0,18"
28,Eure-et-Loir,301466,60474,"20,06",240992,"79,94",4533,"1,5","1,88",1680,"0,56","0,7",234779,"77,88","97,42",F,LE PEN,Marine,58886,"19,53","25,08",M,FILLON,François,51275,"17,01","21,84",M,MACRON,Emmanuel,51038,"16,93","21,74",M,MÉLENCHON,Jean-Luc,38035,"12,62","16,2",M,DUPONT-AIGNAN,Nicolas,14103,"4,68","6,01",M,HAMON,Benoît,12317,"4,09","5,25",M,POUTOU,Philippe,2659,"0,88","1,13",M,ASSELINEAU,François,2253,"0,75","0,96",M,LASSALLE,Jean,1942,"0,64","0,83",F,ARTHAUD,Nathalie,1817,"0,6","0,77",M,CHEMINADE,Jacques,454,"0,15","0,19"
29,Finistère,690571,120636,"17,47",569935,"82,53",9452,"1,37","1,66",3298,"0,48","0,58",557185,"80,68","97,76",M,MACRON,Emmanuel,164095,"23,76","29,45",M,MÉLENCHON,Jean-Luc,109607,"15,87","19,67",M,FILLON,François,99965,"14,48","17,94",F,LE PEN,Marine,77366,"11,2","13,89",M,HAMON,Benoît,60781,"8,8","10,91",M,DUPONT-AIGNAN,Nicolas,22737,"3,29","4,08",M,POUTOU,Philippe,8250,"1,19","1,48",M,LASSALLE,Jean,6192,"0,9","1,11",M,ASSELINEAU,François,3697,"0,54","0,66",F,ARTHAUD,Nathalie,3638,"0,53","0,65",M,CHEMINADE,Jacques,857,"0,12","0,15"
30,Gard,537939,107277,"19,94",430662,"80,06",7032,"1,31","1,63",2948,"0,55","0,68",420682,"78,2","97,68",F,LE PEN,Marine,123273,"22,92","29,3",M,MÉLENCHON,Jean-Luc,90905,"16,9","21,61",M,MACRON,Emmanuel,79006,"14,69","18,78",M,FILLON,François,72366,"13,45","17,2",M,HAMON,Benoît,20473,"3,81","4,87",M,DUPONT-AIGNAN,Nicolas,17808,"3,31","4,23",M,LASSALLE,Jean,5946,"1,11","1,41",M,ASSELINEAU,François,4096,"0,76","0,97",M,POUTOU,Philippe,4044,"0,75","0,96",F,ARTHAUD,Nathalie,2092,"0,39","0,5",M,CHEMINADE,Jacques,673,"0,13","0,16"
31,Haute-Garonne,906653,170785,"18,84",735868,"81,16",11410,"1,26","1,55",5065,"0,56","0,69",719393,"79,35","97,76",M,MACRON,Emmanuel,190128,"20,97","26,43",M,MÉLENCHON,Jean-Luc,170446,"18,8","23,69",F,LE PEN,Marine,120225,"13,26","16,71",M,FILLON,François,118608,"13,08","16,49",M,HAMON,Benoît,60180,"6,64","8,37",M,DUPONT-AIGNAN,Nicolas,27833,"3,07","3,87",M,LASSALLE,Jean,14445,"1,59","2,01",M,POUTOU,Philippe,7116,"0,78","0,99",M,ASSELINEAU,François,5955,"0,66","0,83",F,ARTHAUD,Nathalie,3166,"0,35","0,44",M,CHEMINADE,Jacques,1291,"0,14","0,18"
32,Gers,144959,23027,"15,89",121932,"84,11",2166,"1,49","1,78",1083,"0,75","0,89",118683,"81,87","97,34",M,MACRON,Emmanuel,27775,"19,16","23,4",F,LE PEN,Marine,23387,"16,13","19,71",M,MÉLENCHON,Jean-Luc,23089,"15,93","19,45",M,FILLON,François,21312,"14,7","17,96",M,HAMON,Benoît,9527,"6,57","8,03",M,DUPONT-AIGNAN,Nicolas,5378,"3,71","4,53",M,LASSALLE,Jean,5059,"3,49","4,26",M,POUTOU,Philippe,1254,"0,87","1,06",M,ASSELINEAU,François,1037,"0,72","0,87",F,ARTHAUD,Nathalie,677,"0,47","0,57",M,CHEMINADE,Jacques,188,"0,13","0,16"
33,Gironde,1086982,216602,"19,93",870380,"80,07",13936,"1,28","1,6",5624,"0,52","0,65",850820,"78,27","97,75",M,MACRON,Emmanuel,222287,"20,45","26,13",M,MÉLENCHON,Jean-Luc,185888,"17,1","21,85",F,LE PEN,Marine,155319,"14,29","18,26",M,FILLON,François,145283,"13,37","17,08",M,HAMON,Benoît,64300,"5,92","7,56",M,DUPONT-AIGNAN,Nicolas,35530,"3,27","4,18",M,LASSALLE,Jean,16460,"1,51","1,93",M,POUTOU,Philippe,13233,"1,22","1,56",M,ASSELINEAU,François,7013,"0,65","0,82",F,ARTHAUD,Nathalie,3980,"0,37","0,47",M,CHEMINADE,Jacques,1527,"0,14","0,18"
34,Hérault,800394,159370,"19,91",641024,"80,09",10051,"1,26","1,57",4129,"0,52","0,64",626844,"78,32","97,79",F,LE PEN,Marine,161119,"20,13","25,7",M,MÉLENCHON,Jean-Luc,143996,"17,99","22,97",M,MACRON,Emmanuel,128621,"16,07","20,52",M,FILLON,François,110339,"13,79","17,6",M,HAMON,Benoît,36180,"4,52","5,77",M,DUPONT-AIGNAN,Nicolas,23159,"2,89","3,69",M,LASSALLE,Jean,8461,"1,06","1,35",M,ASSELINEAU,François,5919,"0,74","0,94",M,POUTOU,Philippe,5660,"0,71","0,9",F,ARTHAUD,Nathalie,2496,"0,31","0,4",M,CHEMINADE,Jacques,894,"0,11","0,14"
35,Ille-et-Vilaine,730142,116705,"15,98",613437,"84,02",10011,"1,37","1,63",4085,"0,56","0,67",599341,"82,09","97,7",M,MACRON,Emmanuel,181373,"24,84","30,26",M,MÉLENCHON,Jean-Luc,118096,"16,17","19,7",M,FILLON,François,114034,"15,62","19,03",F,LE PEN,Marine,84648,"11,59","14,12",M,HAMON,Benoît,53418,"7,32","8,91",M,DUPONT-AIGNAN,Nicolas,26822,"3,67","4,48",M,POUTOU,Philippe,7065,"0,97","1,18",M,LASSALLE,Jean,4531,"0,62","0,76",F,ARTHAUD,Nathalie,4339,"0,59","0,72",M,ASSELINEAU,François,3994,"0,55","0,67",M,CHEMINADE,Jacques,1021,"0,14","0,17"
36,Indre,170409,34911,"20,49",135498,"79,51",3081,"1,81","2,27",1483,"0,87","1,09",130934,"76,84","96,63",F,LE PEN,Marine,31985,"18,77","24,43",M,MACRON,Emmanuel,27301,"16,02","20,85",M,FILLON,François,25476,"14,95","19,46",M,MÉLENCHON,Jean-Luc,24938,"14,63","19,05",M,HAMON,Benoît,7786,"4,57","5,95",M,DUPONT-AIGNAN,Nicolas,7177,"4,21","5,48",M,POUTOU,Philippe,1757,"1,03","1,34",M,LASSALLE,Jean,1728,"1,01","1,32",F,ARTHAUD,Nathalie,1390,"0,82","1,06",M,ASSELINEAU,François,1098,"0,64","0,84",M,CHEMINADE,Jacques,298,"0,17","0,23"
37,Indre-et-Loire,428871,80171,"18,69",348700,"81,31",6197,"1,44","1,78",2598,"0,61","0,75",339905,"79,26","97,48",M,MACRON,Emmanuel,83165,"19,39","24,47",M,FILLON,François,72196,"16,83","21,24",M,MÉLENCHON,Jean-Luc,65931,"15,37","19,4",F,LE PEN,Marine,64522,"15,04","18,98",M,HAMON,Benoît,22898,"5,34","6,74",M,DUPONT-AIGNAN,Nicolas,18452,"4,3","5,43",M,POUTOU,Philippe,3907,"0,91","1,15",M,LASSALLE,Jean,2929,"0,68","0,86",M,ASSELINEAU,François,2620,"0,61","0,77",F,ARTHAUD,Nathalie,2606,"0,61","0,77",M,CHEMINADE,Jacques,679,"0,16","0,2"
38,Isère,856366,178004,"20,79",678362,"79,21",12058,"1,41","1,78",3790,"0,44","0,56",662514,"77,36","97,66",M,MACRON,Emmanuel,164091,"19,16","24,77",F,LE PEN,Marine,147910,"17,27","22,33",M,MÉLENCHON,Jean-Luc,135949,"15,88","20,52",M,FILLON,François,112927,"13,19","17,05",M,HAMON,Benoît,43652,"5,1","6,59",M,DUPONT-AIGNAN,Nicolas,33773,"3,94","5,1",M,ASSELINEAU,François,6558,"0,77","0,99",M,LASSALLE,Jean,6537,"0,76","0,99",M,POUTOU,Philippe,6382,"0,75","0,96",F,ARTHAUD,Nathalie,3595,"0,42","0,54",M,CHEMINADE,Jacques,1140,"0,13","0,17"
39,Jura,190332,36524,"19,19",153808,"80,81",3168,"1,66","2,06",1071,"0,56","0,7",149569,"78,58","97,24",F,LE PEN,Marine,36110,"18,97","24,14",M,MACRON,Emmanuel,31896,"16,76","21,33",M,MÉLENCHON,Jean-Luc,30331,"15,94","20,28",M,FILLON,François,28373,"14,91","18,97",M,DUPONT-AIGNAN,Nicolas,8533,"4,48","5,71",M,HAMON,Benoît,7589,"3,99","5,07",M,LASSALLE,Jean,1994,"1,05","1,33",M,POUTOU,Philippe,1980,"1,04","1,32",M,ASSELINEAU,François,1330,"0,7","0,89",F,ARTHAUD,Nathalie,1148,"0,6","0,77",M,CHEMINADE,Jacques,285,"0,15","0,19"
40,Landes,310197,55411,"17,86",254786,"82,14",4844,"1,56","1,9",2076,"0,67","0,81",247866,"79,91","97,28",M,MACRON,Emmanuel,61043,"19,68","24,63",M,MÉLENCHON,Jean-Luc,49949,"16,1","20,15",F,LE PEN,Marine,44956,"14,49","18,14",M,FILLON,François,42464,"13,69","17,13",M,HAMON,Benoît,21550,"6,95","8,69",M,DUPONT-AIGNAN,Nicolas,11021,"3,55","4,45",M,LASSALLE,Jean,10485,"3,38","4,23",M,POUTOU,Philippe,2875,"0,93","1,16",M,ASSELINEAU,François,1916,"0,62","0,77",F,ARTHAUD,Nathalie,1235,"0,4","0,5",M,CHEMINADE,Jacques,372,"0,12","0,15"
41,Loir-et-Cher,245321,46325,"18,88",198996,"81,12",3692,"1,5","1,86",1566,"0,64","0,79",193738,"78,97","97,36",F,LE PEN,Marine,48662,"19,84","25,12",M,FILLON,François,42756,"17,43","22,07",M,MACRON,Emmanuel,40639,"16,57","20,98",M,MÉLENCHON,Jean-Luc,31576,"12,87","16,3",M,DUPONT-AIGNAN,Nicolas,11646,"4,75","6,01",M,HAMON,Benoît,10956,"4,47","5,66",M,POUTOU,Philippe,2198,"0,9","1,13",M,LASSALLE,Jean,1843,"0,75","0,95",F,ARTHAUD,Nathalie,1542,"0,63","0,8",M,ASSELINEAU,François,1516,"0,62","0,78",M,CHEMINADE,Jacques,404,"0,16","0,21"
42,Loire,510809,108838,"21,31",401971,"78,69",7841,"1,54","1,95",2763,"0,54","0,69",391367,"76,62","97,36",F,LE PEN,Marine,94222,"18,45","24,08",M,MACRON,Emmanuel,90677,"17,75","23,17",M,MÉLENCHON,Jean-Luc,73388,"14,37","18,75",M,FILLON,François,71848,"14,07","18,36",M,HAMON,Benoît,22698,"4,44","5,8",M,DUPONT-AIGNAN,Nicolas,22689,"4,44","5,8",M,LASSALLE,Jean,5041,"0,99","1,29",M,POUTOU,Philippe,4107,"0,8","1,05",M,ASSELINEAU,François,3483,"0,68","0,89",F,ARTHAUD,Nathalie,2547,"0,5","0,65",M,CHEMINADE,Jacques,667,"0,13","0,17"
43,Haute-Loire,177158,32875,"18,56",144283,"81,44",3341,"1,89","2,32",1365,"0,77","0,95",139577,"78,79","96,74",M,MACRON,Emmanuel,32821,"18,53","23,51",F,LE PEN,Marine,32185,"18,17","23,06",M,FILLON,François,25956,"14,65","18,6",M,MÉLENCHON,Jean-Luc,25419,"14,35","18,21",M,DUPONT-AIGNAN,Nicolas,8346,"4,71","5,98",M,HAMON,Benoît,7435,"4,2","5,33",M,LASSALLE,Jean,3112,"1,76","2,23",M,POUTOU,Philippe,1928,"1,09","1,38",M,ASSELINEAU,François,1050,"0,59","0,75",F,ARTHAUD,Nathalie,1043,"0,59","0,75",M,CHEMINADE,Jacques,282,"0,16","0,2"
44,Loire-Atlantique,993538,162597,"16,37",830941,"83,63",14639,"1,47","1,76",4845,"0,49","0,58",811457,"81,67","97,66",M,MACRON,Emmanuel,232602,"23,41","28,66",M,MÉLENCHON,Jean-Luc,178357,"17,95","21,98",M,FILLON,François,159703,"16,07","19,68",F,LE PEN,Marine,111194,"11,19","13,7",M,HAMON,Benoît,65140,"6,56","8,03",M,DUPONT-AIGNAN,Nicolas,36546,"3,68","4,5",M,POUTOU,Philippe,9618,"0,97","1,19",M,ASSELINEAU,François,6129,"0,62","0,76",M,LASSALLE,Jean,6029,"0,61","0,74",F,ARTHAUD,Nathalie,4785,"0,48","0,59",M,CHEMINADE,Jacques,1354,"0,14","0,17"
45,Loiret,452607,87974,"19,44",364633,"80,56",6397,"1,41","1,75",2664,"0,59","0,73",355572,"78,56","97,52",F,LE PEN,Marine,83662,"18,48","23,53",M,MACRON,Emmanuel,83506,"18,45","23,48",M,FILLON,François,75655,"16,72","21,28",M,MÉLENCHON,Jean-Luc,58134,"12,84","16,35",M,DUPONT-AIGNAN,Nicolas,21128,"4,67","5,94",M,HAMON,Benoît,20438,"4,52","5,75",M,POUTOU,Philippe,3655,"0,81","1,03",M,LASSALLE,Jean,3203,"0,71","0,9",M,ASSELINEAU,François,3109,"0,69","0,87",F,ARTHAUD,Nathalie,2380,"0,53","0,67",M,CHEMINADE,Jacques,702,"0,16","0,2"
46,Lot,136322,22347,"16,39",113975,"83,61",2093,"1,54","1,84",1095,"0,8","0,96",110787,"81,27","97,2",M,MACRON,Emmanuel,29527,"21,66","26,65",M,MÉLENCHON,Jean-Luc,26014,"19,08","23,48",M,FILLON,François,18459,"13,54","16,66",F,LE PEN,Marine,17865,"13,11","16,13",M,HAMON,Benoît,7951,"5,83","7,18",M,DUPONT-AIGNAN,Nicolas,4550,"3,34","4,11",M,LASSALLE,Jean,3073,"2,25","2,77",M,POUTOU,Philippe,1528,"1,12","1,38",M,ASSELINEAU,François,871,"0,64","0,79",F,ARTHAUD,Nathalie,723,"0,53","0,65",M,CHEMINADE,Jacques,226,"0,17","0,2"
47,Lot-et-Garonne,240931,46805,"19,43",194126,"80,57",3660,"1,52","1,89",1644,"0,68","0,85",188822,"78,37","97,27",F,LE PEN,Marine,47271,"19,62","25,03",M,MACRON,Emmanuel,39253,"16,29","20,79",M,MÉLENCHON,Jean-Luc,36018,"14,95","19,08",M,FILLON,François,34828,"14,46","18,44",M,HAMON,Benoît,10639,"4,42","5,63",M,DUPONT-AIGNAN,Nicolas,9407,"3,9","4,98",M,LASSALLE,Jean,6083,"2,52","3,22",M,POUTOU,Philippe,2292,"0,95","1,21",M,ASSELINEAU,François,1660,"0,69","0,88",F,ARTHAUD,Nathalie,1044,"0,43","0,55",M,CHEMINADE,Jacques,327,"0,14","0,17"
48,Lozère,59508,9949,"16,72",49559,"83,28",904,"1,52","1,82",508,"0,85","1,03",48147,"80,91","97,15",M,FILLON,François,10986,"18,46","22,82",M,MACRON,Emmanuel,10463,"17,58","21,73",M,MÉLENCHON,Jean-Luc,9483,"15,94","19,7",F,LE PEN,Marine,9097,"15,29","18,89",M,HAMON,Benoît,2733,"4,59","5,68",M,DUPONT-AIGNAN,Nicolas,2197,"3,69","4,56",M,LASSALLE,Jean,1764,"2,96","3,66",M,POUTOU,Philippe,683,"1,15","1,42",M,ASSELINEAU,François,354,"0,59","0,74",F,ARTHAUD,Nathalie,294,"0,49","0,61",M,CHEMINADE,Jacques,93,"0,16","0,19"
49,Maine-et-Loire,569425,97038,"17,04",472387,"82,96",9767,"1,72","2,07",3662,"0,64","0,78",458958,"80,6","97,16",M,MACRON,Emmanuel,121685,"21,37","26,51",M,FILLON,François,108888,"19,12","23,73",M,MÉLENCHON,Jean-Luc,78293,"13,75","17,06",F,LE PEN,Marine,77935,"13,69","16,98",M,HAMON,Benoît,29553,"5,19","6,44",M,DUPONT-AIGNAN,Nicolas,25321,"4,45","5,52",M,POUTOU,Philippe,5696,1,"1,24",F,ARTHAUD,Nathalie,3860,"0,68","0,84",M,LASSALLE,Jean,3483,"0,61","0,76",M,ASSELINEAU,François,3439,"0,6","0,75",M,CHEMINADE,Jacques,805,"0,14","0,18"
50,Manche,379104,70202,"18,52",308902,"81,48",5632,"1,49","1,82",2824,"0,74","0,91",300446,"79,25","97,26",M,MACRON,Emmanuel,74683,"19,7","24,86",M,FILLON,François,64909,"17,12","21,6",F,LE PEN,Marine,61620,"16,25","20,51",M,MÉLENCHON,Jean-Luc,51026,"13,46","16,98",M,HAMON,Benoît,19238,"5,07","6,4",M,DUPONT-AIGNAN,Nicolas,17052,"4,5","5,68",M,POUTOU,Philippe,4134,"1,09","1,38",F,ARTHAUD,Nathalie,2593,"0,68","0,86",M,LASSALLE,Jean,2520,"0,66","0,84",M,ASSELINEAU,François,2048,"0,54","0,68",M,CHEMINADE,Jacques,623,"0,16","0,21"
51,Marne,381696,81265,"21,29",300431,"78,71",4851,"1,27","1,61",1811,"0,47","0,6",293769,"76,96","97,78",F,LE PEN,Marine,82473,"21,61","28,07",M,FILLON,François,65081,"17,05","22,15",M,MACRON,Emmanuel,60958,"15,97","20,75",M,MÉLENCHON,Jean-Luc,44424,"11,64","15,12",M,DUPONT-AIGNAN,Nicolas,16896,"4,43","5,75",M,HAMON,Benoît,13683,"3,58","4,66",M,POUTOU,Philippe,2762,"0,72","0,94",M,ASSELINEAU,François,2441,"0,64","0,83",M,LASSALLE,Jean,2350,"0,62","0,8",F,ARTHAUD,Nathalie,2176,"0,57","0,74",M,CHEMINADE,Jacques,525,"0,14","0,18"
52,Haute-Marne,134148,28769,"21,45",105379,"78,55",2120,"1,58","2,01",819,"0,61","0,78",102440,"76,36","97,21",F,LE PEN,Marine,34027,"25,37","33,22",M,FILLON,François,19590,"14,6","19,12",M,MACRON,Emmanuel,18438,"13,74",18,M,MÉLENCHON,Jean-Luc,15380,"11,46","15,01",M,DUPONT-AIGNAN,Nicolas,6417,"4,78","6,26",M,HAMON,Benoît,4292,"3,2","4,19",M,POUTOU,Philippe,1233,"0,92","1,2",M,LASSALLE,Jean,1126,"0,84","1,1",F,ARTHAUD,Nathalie,926,"0,69","0,9",M,ASSELINEAU,François,813,"0,61","0,79",M,CHEMINADE,Jacques,198,"0,15","0,19"
53,Mayenne,222325,36392,"16,37",185933,"83,63",4111,"1,85","2,21",1590,"0,72","0,86",180232,"81,07","96,93",M,FILLON,François,48772,"21,94","27,06",M,MACRON,Emmanuel,46938,"21,11","26,04",F,LE PEN,Marine,30465,"13,7","16,9",M,MÉLENCHON,Jean-Luc,26798,"12,05","14,87",M,HAMON,Benoît,10247,"4,61","5,69",M,DUPONT-AIGNAN,Nicolas,10107,"4,55","5,61",M,POUTOU,Philippe,2242,"1,01","1,24",F,ARTHAUD,Nathalie,1627,"0,73","0,9",M,LASSALLE,Jean,1525,"0,69","0,85",M,ASSELINEAU,François,1182,"0,53","0,66",M,CHEMINADE,Jacques,329,"0,15","0,18"
54,Meurthe-et-Moselle,495091,106495,"21,51",388596,"78,49",6469,"1,31","1,66",2361,"0,48","0,61",379766,"76,71","97,73",F,LE PEN,Marine,98194,"19,83","25,86",M,MACRON,Emmanuel,83703,"16,91","22,04",M,MÉLENCHON,Jean-Luc,77400,"15,63","20,38",M,FILLON,François,62654,"12,66","16,5",M,HAMON,Benoît,23632,"4,77","6,22",M,DUPONT-AIGNAN,Nicolas,19331,"3,9","5,09",M,POUTOU,Philippe,4483,"0,91","1,18",M,ASSELINEAU,François,3458,"0,7","0,91",M,LASSALLE,Jean,3236,"0,65","0,85",F,ARTHAUD,Nathalie,2942,"0,59","0,77",M,CHEMINADE,Jacques,733,"0,15","0,19"
55,Meuse,137629,27849,"20,23",109780,"79,77",1944,"1,41","1,77",791,"0,57","0,72",107045,"77,78","97,51",F,LE PEN,Marine,34602,"25,14","32,32",M,MACRON,Emmanuel,20713,"15,05","19,35",M,FILLON,François,19287,"14,01","18,02",M,MÉLENCHON,Jean-Luc,16020,"11,64","14,97",M,DUPONT-AIGNAN,Nicolas,6802,"4,94","6,35",M,HAMON,Benoît,4918,"3,57","4,59",M,POUTOU,Philippe,1430,"1,04","1,34",M,LASSALLE,Jean,1294,"0,94","1,21",F,ARTHAUD,Nathalie,886,"0,64","0,83",M,ASSELINEAU,François,856,"0,62","0,8",M,CHEMINADE,Jacques,237,"0,17","0,22"
56,Morbihan,577012,96113,"16,66",480899,"83,34",8518,"1,48","1,77",3546,"0,61","0,74",468835,"81,25","97,49",M,MACRON,Emmanuel,130639,"22,64","27,86",M,FILLON,François,97900,"16,97","20,88",F,LE PEN,Marine,82927,"14,37","17,69",M,MÉLENCHON,Jean-Luc,82020,"14,21","17,49",M,HAMON,Benoît,34368,"5,96","7,33",M,DUPONT-AIGNAN,Nicolas,22411,"3,88","4,78",M,POUTOU,Philippe,6309,"1,09","1,35",M,LASSALLE,Jean,4820,"0,84","1,03",F,ARTHAUD,Nathalie,3291,"0,57","0,7",M,ASSELINEAU,François,3249,"0,56","0,69",M,CHEMINADE,Jacques,901,"0,16","0,19"
57,Moselle,751271,177500,"23,63",573771,"76,37",11251,"1,5","1,96",3303,"0,44","0,58",559217,"74,44","97,46",F,LE PEN,Marine,158542,"21,1","28,35",M,MACRON,Emmanuel,117738,"15,67","21,05",M,MÉLENCHON,Jean-Luc,100118,"13,33","17,9",M,FILLON,François,96003,"12,78","17,17",M,DUPONT-AIGNAN,Nicolas,32525,"4,33","5,82",M,HAMON,Benoît,29480,"3,92","5,27",M,POUTOU,Philippe,6975,"0,93","1,25",M,ASSELINEAU,François,5977,"0,8","1,07",M,LASSALLE,Jean,5763,"0,77","1,03",F,ARTHAUD,Nathalie,4929,"0,66","0,88",M,CHEMINADE,Jacques,1167,"0,16","0,21"
58,Nièvre,159425,35457,"22,24",123968,"77,76",2550,"1,6","2,06",984,"0,62","0,79",120434,"75,54","97,15",F,LE PEN,Marine,29817,"18,7","24,76",M,MACRON,Emmanuel,27356,"17,16","22,71",M,MÉLENCHON,Jean-Luc,23079,"14,48","19,16",M,FILLON,François,20773,"13,03","17,25",M,HAMON,Benoît,7854,"4,93","6,52",M,DUPONT-AIGNAN,Nicolas,6446,"4,04","5,35",M,POUTOU,Philippe,1547,"0,97","1,28",M,LASSALLE,Jean,1365,"0,86","1,13",F,ARTHAUD,Nathalie,1004,"0,63","0,83",M,ASSELINEAU,François,959,"0,6","0,8",M,CHEMINADE,Jacques,234,"0,15","0,19"
59,Nord,1804668,417073,"23,11",1387595,"76,89",24060,"1,33","1,73",9732,"0,54","0,7",1353803,"75,02","97,56",F,LE PEN,Marine,382030,"21,17","28,22",M,MÉLENCHON,Jean-Luc,288115,"15,96","21,28",M,MACRON,Emmanuel,268723,"14,89","19,85",M,FILLON,François,226710,"12,56","16,75",M,HAMON,Benoît,76531,"4,24","5,65",M,DUPONT-AIGNAN,Nicolas,65245,"3,62","4,82",M,POUTOU,Philippe,13151,"0,73","0,97",M,ASSELINEAU,François,11450,"0,63","0,85",F,ARTHAUD,Nathalie,10975,"0,61","0,81",M,LASSALLE,Jean,8535,"0,47","0,63",M,CHEMINADE,Jacques,2338,"0,13","0,17"
60,Oise,562085,113254,"20,15",448831,"79,85",8040,"1,43","1,79",2998,"0,53","0,67",437793,"77,89","97,54",F,LE PEN,Marine,135188,"24,05","30,88",M,MACRON,Emmanuel,86680,"15,42","19,8",M,MÉLENCHON,Jean-Luc,77415,"13,77","17,68",M,FILLON,François,76783,"13,66","17,54",M,DUPONT-AIGNAN,Nicolas,23936,"4,26","5,47",M,HAMON,Benoît,20525,"3,65","4,69",M,POUTOU,Philippe,4682,"0,83","1,07",M,ASSELINEAU,François,4666,"0,83","1,07",F,ARTHAUD,Nathalie,3677,"0,65","0,84",M,LASSALLE,Jean,3414,"0,61","0,78",M,CHEMINADE,Jacques,827,"0,15","0,19"
61,Orne,208734,38340,"18,37",170394,"81,63",3176,"1,52","1,86",1161,"0,56","0,68",166057,"79,55","97,45",M,FILLON,François,41084,"19,68","24,74",F,LE PEN,Marine,39532,"18,94","23,81",M,MACRON,Emmanuel,35815,"17,16","21,57",M,MÉLENCHON,Jean-Luc,24542,"11,76","14,78",M,DUPONT-AIGNAN,Nicolas,9644,"4,62","5,81",M,HAMON,Benoît,8659,"4,15","5,21",M,POUTOU,Philippe,2147,"1,03","1,29",F,ARTHAUD,Nathalie,1513,"0,72","0,91",M,LASSALLE,Jean,1480,"0,71","0,89",M,ASSELINEAU,François,1291,"0,62","0,78",M,CHEMINADE,Jacques,350,"0,17","0,21"
62,Pas-de-Calais,1090368,234194,"21,48",856174,"78,52",15351,"1,41","1,79",7671,"0,7","0,9",833152,"76,41","97,31",F,LE PEN,Marine,286147,"26,24","34,35",M,MÉLENCHON,Jean-Luc,159342,"14,61","19,13",M,MACRON,Emmanuel,153682,"14,09","18,45",M,FILLON,François,119077,"10,92","14,29",M,HAMON,Benoît,43084,"3,95","5,17",M,DUPONT-AIGNAN,Nicolas,41427,"3,8","4,97",M,POUTOU,Philippe,9002,"0,83","1,08",F,ARTHAUD,Nathalie,8667,"0,79","1,04",M,LASSALLE,Jean,5832,"0,53","0,7",M,ASSELINEAU,François,5484,"0,5","0,66",M,CHEMINADE,Jacques,1408,"0,13","0,17"
63,Puy-de-Dôme,460939,93363,"20,25",367576,"79,75",7773,"1,69","2,11",3236,"0,7","0,88",356567,"77,36",97,M,MACRON,Emmanuel,96797,21,"27,15",M,MÉLENCHON,Jean-Luc,78417,"17,01","21,99",F,LE PEN,Marine,63030,"13,67","17,68",M,FILLON,François,58432,"12,68","16,39",M,HAMON,Benoît,25814,"5,6","7,24",M,DUPONT-AIGNAN,Nicolas,15635,"3,39","4,38",M,LASSALLE,Jean,7348,"1,59","2,06",M,POUTOU,Philippe,4730,"1,03","1,33",M,ASSELINEAU,François,2910,"0,63","0,82",F,ARTHAUD,Nathalie,2699,"0,59","0,76",M,CHEMINADE,Jacques,755,"0,16","0,21"
64,Pyrénées-Atlantiques,502378,97357,"19,38",405021,"80,62",6685,"1,33","1,65",2683,"0,53","0,66",395653,"78,76","97,69",M,MACRON,Emmanuel,103958,"20,69","26,28",M,MÉLENCHON,Jean-Luc,78803,"15,69","19,92",M,FILLON,François,71858,"14,3","18,16",F,LE PEN,Marine,54376,"10,82","13,74",M,HAMON,Benoît,30589,"6,09","7,73",M,LASSALLE,Jean,29882,"5,95","7,55",M,DUPONT-AIGNAN,Nicolas,14727,"2,93","3,72",M,POUTOU,Philippe,6371,"1,27","1,61",M,ASSELINEAU,François,2782,"0,55","0,7",F,ARTHAUD,Nathalie,1799,"0,36","0,45",M,CHEMINADE,Jacques,508,"0,1","0,13"
65,Hautes-Pyrénées,177690,34275,"19,29",143415,"80,71",2528,"1,42","1,76",1198,"0,67","0,84",139689,"78,61","97,4",M,MACRON,Emmanuel,35070,"19,74","25,11",M,MÉLENCHON,Jean-Luc,32148,"18,09","23,01",F,LE PEN,Marine,25947,"14,6","18,57",M,FILLON,François,20220,"11,38","14,48",M,HAMON,Benoît,9935,"5,59","7,11",M,LASSALLE,Jean,6928,"3,9","4,96",M,DUPONT-AIGNAN,Nicolas,5876,"3,31","4,21",M,POUTOU,Philippe,1575,"0,89","1,13",M,ASSELINEAU,François,1023,"0,58","0,73",F,ARTHAUD,Nathalie,767,"0,43","0,55",M,CHEMINADE,Jacques,200,"0,11","0,14"
66,Pyrénées-Orientales,347914,73984,"21,27",273930,"78,73",4563,"1,31","1,67",2580,"0,74","0,94",266787,"76,68","97,39",F,LE PEN,Marine,80169,"23,04","30,05",M,MÉLENCHON,Jean-Luc,56392,"16,21","21,14",M,MACRON,Emmanuel,49245,"14,15","18,46",M,FILLON,François,45865,"13,18","17,19",M,HAMON,Benoît,13455,"3,87","5,04",M,DUPONT-AIGNAN,Nicolas,9741,"2,8","3,65",M,LASSALLE,Jean,4634,"1,33","1,74",M,POUTOU,Philippe,3053,"0,88","1,14",M,ASSELINEAU,François,2303,"0,66","0,86",F,ARTHAUD,Nathalie,1477,"0,42","0,55",M,CHEMINADE,Jacques,453,"0,13","0,17"
67,Bas-Rhin,766539,154037,"20,1",612502,"79,9",9806,"1,28","1,6",4591,"0,6","0,75",598105,"78,03","97,65",F,LE PEN,Marine,147714,"19,27","24,7",M,MACRON,Emmanuel,133347,"17,4","22,29",M,FILLON,François,131564,"17,16",22,M,MÉLENCHON,Jean-Luc,88420,"11,53","14,78",M,DUPONT-AIGNAN,Nicolas,39299,"5,13","6,57",M,HAMON,Benoît,31931,"4,17","5,34",M,ASSELINEAU,François,6841,"0,89","1,14",M,POUTOU,Philippe,6549,"0,85","1,09",M,LASSALLE,Jean,6420,"0,84","1,07",F,ARTHAUD,Nathalie,4823,"0,63","0,81",M,CHEMINADE,Jacques,1197,"0,16","0,2"
68,Haut-Rhin,526190,110496,21,415694,79,9197,"1,75","2,21",2587,"0,49","0,62",403910,"76,76","97,17",F,LE PEN,Marine,109704,"20,85","27,16",M,FILLON,François,90237,"17,15","22,34",M,MACRON,Emmanuel,79798,"15,17","19,76",M,MÉLENCHON,Jean-Luc,57856,11,"14,32",M,DUPONT-AIGNAN,Nicolas,28562,"5,43","7,07",M,HAMON,Benoît,18694,"3,55","4,63",M,ASSELINEAU,François,5217,"0,99","1,29",M,LASSALLE,Jean,5004,"0,95","1,24",M,POUTOU,Philippe,4727,"0,9","1,17",F,ARTHAUD,Nathalie,3101,"0,59","0,77",M,CHEMINADE,Jacques,1010,"0,19","0,25"
69,Rhône,1155604,249073,"21,55",906531,"78,45",13460,"1,16","1,48",4559,"0,39","0,5",888512,"76,89","98,01",M,MACRON,Emmanuel,236137,"20,43","26,58",M,FILLON,François,205781,"17,81","23,16",M,MÉLENCHON,Jean-Luc,175051,"15,15","19,7",F,LE PEN,Marine,144476,"12,5","16,26",M,HAMON,Benoît,60094,"5,2","6,76",M,DUPONT-AIGNAN,Nicolas,38429,"3,33","4,33",M,ASSELINEAU,François,9188,"0,8","1,03",M,POUTOU,Philippe,7146,"0,62","0,8",M,LASSALLE,Jean,6703,"0,58","0,75",F,ARTHAUD,Nathalie,4061,"0,35","0,46",M,CHEMINADE,Jacques,1446,"0,13","0,16"
70,Haute-Saône,179214,34976,"19,52",144238,"80,48",2820,"1,57","1,96",1896,"1,06","1,31",139522,"77,85","96,73",F,LE PEN,Marine,43753,"24,41","31,36",M,MACRON,Emmanuel,27332,"15,25","19,59",M,FILLON,François,25184,"14,05","18,05",M,MÉLENCHON,Jean-Luc,22150,"12,36","15,88",M,DUPONT-AIGNAN,Nicolas,8176,"4,56","5,86",M,HAMON,Benoît,6596,"3,68","4,73",M,POUTOU,Philippe,2021,"1,13","1,45",M,LASSALLE,Jean,1512,"0,84","1,08",F,ARTHAUD,Nathalie,1325,"0,74","0,95",M,ASSELINEAU,François,1206,"0,67","0,86",M,CHEMINADE,Jacques,267,"0,15","0,19"
71,Saône-et-Loire,406418,86784,"21,35",319634,"78,65",6874,"1,69","2,15",2809,"0,69","0,88",309951,"76,26","96,97",F,LE PEN,Marine,75258,"18,52","24,28",M,MACRON,Emmanuel,69212,"17,03","22,33",M,FILLON,François,60100,"14,79","19,39",M,MÉLENCHON,Jean-Luc,55249,"13,59","17,83",M,HAMON,Benoît,19184,"4,72","6,19",M,DUPONT-AIGNAN,Nicolas,18961,"4,67","6,12",M,POUTOU,Philippe,3588,"0,88","1,16",M,LASSALLE,Jean,3153,"0,78","1,02",M,ASSELINEAU,François,2535,"0,62","0,82",F,ARTHAUD,Nathalie,2201,"0,54","0,71",M,CHEMINADE,Jacques,510,"0,13","0,16"
72,Sarthe,405440,73577,"18,15",331863,"81,85",7302,"1,8","2,2",2117,"0,52","0,64",322444,"79,53","97,16",M,FILLON,François,92261,"22,76","28,61",F,LE PEN,Marine,67083,"16,55","20,8",M,MACRON,Emmanuel,64618,"15,94","20,04",M,MÉLENCHON,Jean-Luc,56851,"14,02","17,63",M,HAMON,Benoît,17195,"4,24","5,33",M,DUPONT-AIGNAN,Nicolas,13657,"3,37","4,24",M,POUTOU,Philippe,3565,"0,88","1,11",F,ARTHAUD,Nathalie,2452,"0,6","0,76",M,LASSALLE,Jean,2141,"0,53","0,66",M,ASSELINEAU,François,2074,"0,51","0,64",M,CHEMINADE,Jacques,547,"0,13","0,17"
73,Savoie,310237,62746,"20,23",247491,"79,77",4253,"1,37","1,72",1679,"0,54","0,68",241559,"77,86","97,6",M,MACRON,Emmanuel,55871,"18,01","23,13",F,LE PEN,Marine,52448,"16,91","21,71",M,FILLON,François,50815,"16,38","21,04",M,MÉLENCHON,Jean-Luc,45013,"14,51","18,63",M,HAMON,Benoît,13752,"4,43","5,69",M,DUPONT-AIGNAN,Nicolas,13673,"4,41","5,66",M,LASSALLE,Jean,3152,"1,02","1,3",M,ASSELINEAU,François,2608,"0,84","1,08",M,POUTOU,Philippe,2578,"0,83","1,07",F,ARTHAUD,Nathalie,1219,"0,39","0,5",M,CHEMINADE,Jacques,430,"0,14","0,18"
74,Haute-Savoie,540033,116275,"21,53",423758,"78,47",7765,"1,44","1,83",2495,"0,46","0,59",413498,"76,57","97,58",M,FILLON,François,105057,"19,45","25,41",M,MACRON,Emmanuel,100174,"18,55","24,23",F,LE PEN,Marine,77919,"14,43","18,84",M,MÉLENCHON,Jean-Luc,67079,"12,42","16,22",M,DUPONT-AIGNAN,Nicolas,24785,"4,59","5,99",M,HAMON,Benoît,21805,"4,04","5,27",M,ASSELINEAU,François,5021,"0,93","1,21",M,LASSALLE,Jean,4649,"0,86","1,12",M,POUTOU,Philippe,4263,"0,79","1,03",F,ARTHAUD,Nathalie,1919,"0,36","0,46",M,CHEMINADE,Jacques,827,"0,15","0,2"
75,Paris,1301637,210200,"16,15",1091437,"83,85",10627,"0,82","0,97",4251,"0,33","0,39",1076559,"82,71","98,64",M,MACRON,Emmanuel,375006,"28,81","34,83",M,FILLON,François,284744,"21,88","26,45",M,MÉLENCHON,Jean-Luc,210548,"16,18","19,56",M,HAMON,Benoît,109550,"8,42","10,18",F,LE PEN,Marine,53719,"4,13","4,99",M,DUPONT-AIGNAN,Nicolas,17997,"1,38","1,67",M,ASSELINEAU,François,8337,"0,64","0,77",M,POUTOU,Philippe,6799,"0,52","0,63",M,LASSALLE,Jean,5490,"0,42","0,51",F,ARTHAUD,Nathalie,2897,"0,22","0,27",M,CHEMINADE,Jacques,1472,"0,11","0,14"
76,Seine-Maritime,881658,177294,"20,11",704364,"79,89",14085,"1,6",2,3753,"0,43","0,53",686526,"77,87","97,47",F,LE PEN,Marine,170945,"19,39","24,9",M,MÉLENCHON,Jean-Luc,152394,"17,28","22,2",M,MACRON,Emmanuel,145756,"16,53","21,23",M,FILLON,François,118336,"13,42","17,24",M,HAMON,Benoît,41516,"4,71","6,05",M,DUPONT-AIGNAN,Nicolas,33036,"3,75","4,81",M,POUTOU,Philippe,8321,"0,94","1,21",F,ARTHAUD,Nathalie,5356,"0,61","0,78",M,ASSELINEAU,François,5205,"0,59","0,76",M,LASSALLE,Jean,4383,"0,5","0,64",M,CHEMINADE,Jacques,1278,"0,14","0,19"
77,Seine-et-Marne,881558,183302,"20,79",698256,"79,21",13069,"1,48","1,87",4596,"0,52","0,66",680591,"77,2","97,47",M,MACRON,Emmanuel,157314,"17,84","23,11",F,LE PEN,Marine,155521,"17,64","22,85",M,MÉLENCHON,Jean-Luc,141827,"16,09","20,84",M,FILLON,François,120968,"13,72","17,77",M,DUPONT-AIGNAN,Nicolas,41505,"4,71","6,1",M,HAMON,Benoît,38772,"4,4","5,7",M,ASSELINEAU,François,8195,"0,93","1,2",M,POUTOU,Philippe,6354,"0,72","0,93",M,LASSALLE,Jean,5182,"0,59","0,76",F,ARTHAUD,Nathalie,3706,"0,42","0,54",M,CHEMINADE,Jacques,1247,"0,14","0,18"
78,Yvelines,951148,177485,"18,66",773663,"81,34",10838,"1,14","1,4",3891,"0,41","0,5",758934,"79,79","98,1",M,MACRON,Emmanuel,219063,"23,03","28,86",M,FILLON,François,206835,"21,75","27,25",M,MÉLENCHON,Jean-Luc,126345,"13,28","16,65",F,LE PEN,Marine,98024,"10,31","12,92",M,HAMON,Benoît,52564,"5,53","6,93",M,DUPONT-AIGNAN,Nicolas,32906,"3,46","4,34",M,ASSELINEAU,François,8148,"0,86","1,07",M,POUTOU,Philippe,5448,"0,57","0,72",M,LASSALLE,Jean,5371,"0,56","0,71",F,ARTHAUD,Nathalie,2872,"0,3","0,38",M,CHEMINADE,Jacques,1358,"0,14","0,18"
79,Deux-Sèvres,272385,51156,"18,78",221229,"81,22",4703,"1,73","2,13",2128,"0,78","0,96",214398,"78,71","96,91",M,MACRON,Emmanuel,57826,"21,23","26,97",M,MÉLENCHON,Jean-Luc,41609,"15,28","19,41",M,FILLON,François,40195,"14,76","18,75",F,LE PEN,Marine,38640,"14,19","18,02",M,HAMON,Benoît,14950,"5,49","6,97",M,DUPONT-AIGNAN,Nicolas,11356,"4,17","5,3",M,POUTOU,Philippe,3483,"1,28","1,62",M,LASSALLE,Jean,2599,"0,95","1,21",F,ARTHAUD,Nathalie,1869,"0,69","0,87",M,ASSELINEAU,François,1478,"0,54","0,69",M,CHEMINADE,Jacques,393,"0,14","0,18"
80,Somme,409014,80489,"19,68",328525,"80,32",6124,"1,5","1,86",2765,"0,68","0,84",319636,"78,15","97,29",F,LE PEN,Marine,97081,"23,74","30,37",M,MACRON,Emmanuel,69520,17,"21,75",M,MÉLENCHON,Jean-Luc,59491,"14,54","18,61",M,FILLON,François,51834,"12,67","16,22",M,DUPONT-AIGNAN,Nicolas,15462,"3,78","4,84",M,HAMON,Benoît,14260,"3,49","4,46",M,POUTOU,Philippe,3661,"0,9","1,15",F,ARTHAUD,Nathalie,3111,"0,76","0,97",M,LASSALLE,Jean,2365,"0,58","0,74",M,ASSELINEAU,François,2272,"0,56","0,71",M,CHEMINADE,Jacques,579,"0,14","0,18"
81,Tarn,291194,50507,"17,34",240687,"82,66",4330,"1,49","1,8",2600,"0,89","1,08",233757,"80,28","97,12",F,LE PEN,Marine,52402,18,"22,42",M,MACRON,Emmanuel,51755,"17,77","22,14",M,MÉLENCHON,Jean-Luc,48094,"16,52","20,57",M,FILLON,François,41052,"14,1","17,56",M,HAMON,Benoît,15530,"5,33","6,64",M,DUPONT-AIGNAN,Nicolas,11440,"3,93","4,89",M,LASSALLE,Jean,7105,"2,44","3,04",M,POUTOU,Philippe,2721,"0,93","1,16",M,ASSELINEAU,François,1822,"0,63","0,78",F,ARTHAUD,Nathalie,1397,"0,48","0,6",M,CHEMINADE,Jacques,439,"0,15","0,19"
82,Tarn-et-Garonne,183341,32623,"17,79",150718,"82,21",2559,"1,4","1,7",1358,"0,74","0,9",146801,"80,07","97,4",F,LE PEN,Marine,39183,"21,37","26,69",M,MACRON,Emmanuel,30319,"16,54","20,65",M,MÉLENCHON,Jean-Luc,27841,"15,19","18,97",M,FILLON,François,25992,"14,18","17,71",M,HAMON,Benoît,8567,"4,67","5,84",M,DUPONT-AIGNAN,Nicolas,7233,"3,95","4,93",M,LASSALLE,Jean,3660,2,"2,49",M,POUTOU,Philippe,1573,"0,86","1,07",M,ASSELINEAU,François,1337,"0,73","0,91",F,ARTHAUD,Nathalie,830,"0,45","0,57",M,CHEMINADE,Jacques,266,"0,15","0,18"
83,Var,794777,169107,"21,28",625670,"78,72",9858,"1,24","1,58",3374,"0,42","0,54",612438,"77,06","97,89",F,LE PEN,Marine,186376,"23,45","30,43",M,FILLON,François,152316,"19,16","24,87",M,MACRON,Emmanuel,108597,"13,66","17,73",M,MÉLENCHON,Jean-Luc,94184,"11,85","15,38",M,DUPONT-AIGNAN,Nicolas,29177,"3,67","4,76",M,HAMON,Benoît,21089,"2,65","3,44",M,LASSALLE,Jean,6933,"0,87","1,13",M,ASSELINEAU,François,5860,"0,74","0,96",M,POUTOU,Philippe,4655,"0,59","0,76",F,ARTHAUD,Nathalie,2274,"0,29","0,37",M,CHEMINADE,Jacques,977,"0,12","0,16"
84,Vaucluse,402323,80602,"20,03",321721,"79,97",5606,"1,39","1,74",1887,"0,47","0,59",314228,"78,1","97,67",F,LE PEN,Marine,95930,"23,84","30,53",M,MÉLENCHON,Jean-Luc,60852,"15,13","19,37",M,FILLON,François,59619,"14,82","18,97",M,MACRON,Emmanuel,58208,"14,47","18,52",M,DUPONT-AIGNAN,Nicolas,14452,"3,59","4,6",M,HAMON,Benoît,13553,"3,37","4,31",M,LASSALLE,Jean,3989,"0,99","1,27",M,ASSELINEAU,François,2890,"0,72","0,92",M,POUTOU,Philippe,2804,"0,7","0,89",F,ARTHAUD,Nathalie,1388,"0,34","0,44",M,CHEMINADE,Jacques,543,"0,13","0,17"
85,Vendée,514442,82867,"16,11",431575,"83,89",8356,"1,62","1,94",4389,"0,85","1,02",418830,"81,41","97,05",M,MACRON,Emmanuel,109989,"21,38","26,26",M,FILLON,François,106804,"20,76","25,5",F,LE PEN,Marine,77590,"15,08","18,53",M,MÉLENCHON,Jean-Luc,63156,"12,28","15,08",M,DUPONT-AIGNAN,Nicolas,24211,"4,71","5,78",M,HAMON,Benoît,21356,"4,15","5,1",M,POUTOU,Philippe,5219,"1,01","1,25",M,LASSALLE,Jean,3810,"0,74","0,91",F,ARTHAUD,Nathalie,3294,"0,64","0,79",M,ASSELINEAU,François,2705,"0,53","0,65",M,CHEMINADE,Jacques,696,"0,14","0,17"
86,Vienne,307014,62127,"20,24",244887,"79,76",4741,"1,54","1,94",2398,"0,78","0,98",237748,"77,44","97,08",M,MACRON,Emmanuel,59146,"19,26","24,88",M,MÉLENCHON,Jean-Luc,49061,"15,98","20,64",F,LE PEN,Marine,47024,"15,32","19,78",M,FILLON,François,42703,"13,91","17,96",M,HAMON,Benoît,16861,"5,49","7,09",M,DUPONT-AIGNAN,Nicolas,11920,"3,88","5,01",M,POUTOU,Philippe,3642,"1,19","1,53",M,LASSALLE,Jean,2861,"0,93","1,2",F,ARTHAUD,Nathalie,2074,"0,68","0,87",M,ASSELINEAU,François,1896,"0,62","0,8",M,CHEMINADE,Jacques,560,"0,18","0,24"
87,Haute-Vienne,266322,50623,"19,01",215699,"80,99",4404,"1,65","2,04",2880,"1,08","1,34",208415,"78,26","96,62",M,MACRON,Emmanuel,55577,"20,87","26,67",M,MÉLENCHON,Jean-Luc,46549,"17,48","22,33",F,LE PEN,Marine,37937,"14,24","18,2",M,FILLON,François,32522,"12,21","15,6",M,HAMON,Benoît,16136,"6,06","7,74",M,DUPONT-AIGNAN,Nicolas,9285,"3,49","4,46",M,LASSALLE,Jean,3518,"1,32","1,69",M,POUTOU,Philippe,3044,"1,14","1,46",F,ARTHAUD,Nathalie,1850,"0,69","0,89",M,ASSELINEAU,François,1557,"0,58","0,75",M,CHEMINADE,Jacques,440,"0,17","0,21"
88,Vosges,282612,56393,"19,95",226219,"80,05",4720,"1,67","2,09",1997,"0,71","0,88",219502,"77,67","97,03",F,LE PEN,Marine,63924,"22,62","29,12",M,MACRON,Emmanuel,43604,"15,43","19,86",M,FILLON,François,39579,14,"18,03",M,MÉLENCHON,Jean-Luc,36524,"12,92","16,64",M,DUPONT-AIGNAN,Nicolas,14323,"5,07","6,53",M,HAMON,Benoît,10887,"3,85","4,96",M,POUTOU,Philippe,3229,"1,14","1,47",M,LASSALLE,Jean,2750,"0,97","1,25",M,ASSELINEAU,François,2223,"0,79","1,01",F,ARTHAUD,Nathalie,2004,"0,71","0,91",M,CHEMINADE,Jacques,455,"0,16","0,21"
89,Yonne,241918,52739,"21,8",189179,"78,2",3404,"1,41","1,8",1222,"0,51","0,65",184553,"76,29","97,55",F,LE PEN,Marine,52640,"21,76","28,52",M,FILLON,François,36739,"15,19","19,91",M,MACRON,Emmanuel,36234,"14,98","19,63",M,MÉLENCHON,Jean-Luc,30815,"12,74","16,7",M,DUPONT-AIGNAN,Nicolas,11668,"4,82","6,32",M,HAMON,Benoît,8846,"3,66","4,79",M,POUTOU,Philippe,2128,"0,88","1,15",M,LASSALLE,Jean,1987,"0,82","1,08",M,ASSELINEAU,François,1775,"0,73","0,96",F,ARTHAUD,Nathalie,1380,"0,57","0,75",M,CHEMINADE,Jacques,341,"0,14","0,18"
90,Territoire de Belfort,95290,21638,"22,71",73652,"77,29",1439,"1,51","1,95",639,"0,67","0,87",71574,"75,11","97,18",F,LE PEN,Marine,19249,"20,2","26,89",M,MACRON,Emmanuel,14771,"15,5","20,64",M,MÉLENCHON,Jean-Luc,13672,"14,35","19,1",M,FILLON,François,12668,"13,29","17,7",M,HAMON,Benoît,4189,"4,4","5,85",M,DUPONT-AIGNAN,Nicolas,3770,"3,96","5,27",M,ASSELINEAU,François,941,"0,99","1,31",M,POUTOU,Philippe,886,"0,93","1,24",M,LASSALLE,Jean,669,"0,7","0,93",F,ARTHAUD,Nathalie,592,"0,62","0,83",M,CHEMINADE,Jacques,167,"0,18","0,23"
91,Essonne,795227,157440,"19,8",637787,"80,2",10240,"1,29","1,61",4060,"0,51","0,64",623487,"78,4","97,76",M,MACRON,Emmanuel,163389,"20,55","26,21",M,MÉLENCHON,Jean-Luc,136392,"17,15","21,88",M,FILLON,François,112478,"14,14","18,04",F,LE PEN,Marine,102461,"12,88","16,43",M,DUPONT-AIGNAN,Nicolas,44793,"5,63","7,18",M,HAMON,Benoît,42072,"5,29","6,75",M,ASSELINEAU,François,7514,"0,94","1,21",M,POUTOU,Philippe,5755,"0,72","0,92",M,LASSALLE,Jean,4468,"0,56","0,72",F,ARTHAUD,Nathalie,2924,"0,37","0,47",M,CHEMINADE,Jacques,1241,"0,16","0,2"
92,Hauts-de-Seine,986730,176715,"17,91",810015,"82,09",12689,"1,29","1,57",2568,"0,26","0,32",794758,"80,54","98,12",M,MACRON,Emmanuel,256687,"26,01","32,3",M,FILLON,François,231553,"23,47","29,14",M,MÉLENCHON,Jean-Luc,145289,"14,72","18,28",F,LE PEN,Marine,60731,"6,15","7,64",M,HAMON,Benoît,57114,"5,79","7,19",M,DUPONT-AIGNAN,Nicolas,21359,"2,16","2,69",M,ASSELINEAU,François,8453,"0,86","1,06",M,POUTOU,Philippe,5033,"0,51","0,63",M,LASSALLE,Jean,4747,"0,48","0,6",F,ARTHAUD,Nathalie,2447,"0,25","0,31",M,CHEMINADE,Jacques,1345,"0,14","0,17"
93,Seine-Saint-Denis,766894,210952,"27,51",555942,"72,49",10148,"1,32","1,83",4592,"0,6","0,83",541202,"70,57","97,35",M,MÉLENCHON,Jean-Luc,184123,"24,01","34,02",M,MACRON,Emmanuel,130103,"16,96","24,04",F,LE PEN,Marine,73534,"9,59","13,59",M,FILLON,François,69063,"9,01","12,76",M,HAMON,Benoît,45506,"5,93","8,41",M,DUPONT-AIGNAN,Nicolas,16601,"2,16","3,07",M,ASSELINEAU,François,8739,"1,14","1,61",M,POUTOU,Philippe,6050,"0,79","1,12",F,ARTHAUD,Nathalie,3235,"0,42","0,6",M,LASSALLE,Jean,3160,"0,41","0,58",M,CHEMINADE,Jacques,1088,"0,14","0,2"
94,Val-de-Marne,785540,164068,"20,89",621472,"79,11",9925,"1,26","1,6",3760,"0,48","0,61",607787,"77,37","97,8",M,MACRON,Emmanuel,172202,"21,92","28,33",M,MÉLENCHON,Jean-Luc,149112,"18,98","24,53",M,FILLON,François,122814,"15,63","20,21",F,LE PEN,Marine,69878,"8,9","11,5",M,HAMON,Benoît,47228,"6,01","7,77",M,DUPONT-AIGNAN,Nicolas,26252,"3,34","4,32",M,ASSELINEAU,François,7303,"0,93","1,2",M,POUTOU,Philippe,5226,"0,67","0,86",M,LASSALLE,Jean,3957,"0,5","0,65",F,ARTHAUD,Nathalie,2749,"0,35","0,45",M,CHEMINADE,Jacques,1066,"0,14","0,18"
95,Val-d'Oise,730497,167560,"22,94",562937,"77,06",10059,"1,38","1,79",4740,"0,65","0,84",548138,"75,04","97,37",M,MACRON,Emmanuel,138752,"18,99","25,31",M,MÉLENCHON,Jean-Luc,131342,"17,98","23,96",M,FILLON,François,101131,"13,84","18,45",F,LE PEN,Marine,94158,"12,89","17,18",M,HAMON,Benoît,37518,"5,14","6,84",M,DUPONT-AIGNAN,Nicolas,24790,"3,39","4,52",M,ASSELINEAU,François,7702,"1,05","1,41",M,POUTOU,Philippe,5040,"0,69","0,92",M,LASSALLE,Jean,3975,"0,54","0,73",F,ARTHAUD,Nathalie,2752,"0,38","0,5",M,CHEMINADE,Jacques,978,"0,13","0,18"
ZA,Guadeloupe,316345,189694,"59,96",126651,"40,04",5630,"1,78","4,45",8779,"2,78","6,93",112242,"35,48","88,62",M,MACRON,Emmanuel,33930,"10,73","30,23",M,MÉLENCHON,Jean-Luc,27081,"8,56","24,13",M,FILLON,François,16305,"5,15","14,53",F,LE PEN,Marine,15159,"4,79","13,51",M,HAMON,Benoît,11165,"3,53","9,95",M,POUTOU,Philippe,2300,"0,73","2,05",M,DUPONT-AIGNAN,Nicolas,2042,"0,65","1,82",F,ARTHAUD,Nathalie,1972,"0,62","1,76",M,ASSELINEAU,François,1312,"0,41","1,17",M,LASSALLE,Jean,650,"0,21","0,58",M,CHEMINADE,Jacques,326,"0,1","0,29"
ZB,Martinique,310812,186855,"60,12",123957,"39,88",8152,"2,62","6,58",6541,"2,1","5,28",109264,"35,15","88,15",M,MÉLENCHON,Jean-Luc,29903,"9,62","27,37",M,MACRON,Emmanuel,27893,"8,97","25,53",M,FILLON,François,18400,"5,92","16,84",F,LE PEN,Marine,11949,"3,84","10,94",M,HAMON,Benoît,10661,"3,43","9,76",M,POUTOU,Philippe,3217,"1,04","2,94",M,DUPONT-AIGNAN,Nicolas,2338,"0,75","2,14",F,ARTHAUD,Nathalie,2253,"0,72","2,06",M,ASSELINEAU,François,1407,"0,45","1,29",M,LASSALLE,Jean,870,"0,28","0,8",M,CHEMINADE,Jacques,373,"0,12","0,34"
ZC,Guyane,92935,61010,"65,65",31925,"34,35",3831,"4,12",12,1255,"1,35","3,93",26839,"28,88","84,07",M,MÉLENCHON,Jean-Luc,6633,"7,14","24,71",F,LE PEN,Marine,6521,"7,02","24,3",M,MACRON,Emmanuel,5031,"5,41","18,75",M,FILLON,François,3935,"4,23","14,66",M,HAMON,Benoît,1529,"1,65","5,7",M,POUTOU,Philippe,1405,"1,51","5,23",M,ASSELINEAU,François,480,"0,52","1,79",M,DUPONT-AIGNAN,Nicolas,472,"0,51","1,76",F,ARTHAUD,Nathalie,462,"0,5","1,72",M,LASSALLE,Jean,273,"0,29","1,02",M,CHEMINADE,Jacques,98,"0,11","0,37"
ZD,La Réunion,639481,264229,"41,32",375252,"58,68",11468,"1,79","3,06",13304,"2,08","3,55",350480,"54,81","93,4",M,MÉLENCHON,Jean-Luc,85987,"13,45","24,53",F,LE PEN,Marine,82219,"12,86","23,46",M,MACRON,Emmanuel,66292,"10,37","18,91",M,FILLON,François,60508,"9,46","17,26",M,HAMON,Benoît,26872,"4,2","7,67",M,DUPONT-AIGNAN,Nicolas,10123,"1,58","2,89",M,ASSELINEAU,François,6029,"0,94","1,72",F,ARTHAUD,Nathalie,5190,"0,81","1,48",M,POUTOU,Philippe,4377,"0,68","1,25",M,LASSALLE,Jean,1939,"0,3","0,55",M,CHEMINADE,Jacques,944,"0,15","0,27"
ZM,Mayotte,83047,46860,"56,43",36187,"43,57",925,"1,11","2,56",2132,"2,57","5,89",33130,"39,89","91,55",M,FILLON,François,10808,"13,01","32,62",F,LE PEN,Marine,9008,"10,85","27,19",M,MACRON,Emmanuel,6364,"7,66","19,21",M,MÉLENCHON,Jean-Luc,2789,"3,36","8,42",M,HAMON,Benoît,1434,"1,73","4,33",M,DUPONT-AIGNAN,Nicolas,1019,"1,23","3,08",M,POUTOU,Philippe,621,"0,75","1,87",M,ASSELINEAU,François,408,"0,49","1,23",F,ARTHAUD,Nathalie,334,"0,4","1,01",M,LASSALLE,Jean,182,"0,22","0,55",M,CHEMINADE,Jacques,163,"0,2","0,49"
ZN,Nouvelle-Calédonie,189483,98257,"51,86",91226,"48,14",2969,"1,57","3,25",1311,"0,69","1,44",86946,"45,89","95,31",M,FILLON,François,27065,"14,28","31,13",F,LE PEN,Marine,25290,"13,35","29,09",M,MACRON,Emmanuel,11089,"5,85","12,75",M,HAMON,Benoît,8125,"4,29","9,34",M,MÉLENCHON,Jean-Luc,7703,"4,07","8,86",M,DUPONT-AIGNAN,Nicolas,2521,"1,33","2,9",M,ASSELINEAU,François,2098,"1,11","2,41",M,POUTOU,Philippe,1284,"0,68","1,48",F,ARTHAUD,Nathalie,836,"0,44","0,96",M,LASSALLE,Jean,695,"0,37","0,8",M,CHEMINADE,Jacques,240,"0,13","0,28"
ZP,Polynésie française,203940,124527,"61,06",79413,"38,94",1929,"0,95","2,43",1862,"0,91","2,34",75622,"37,08","95,23",M,FILLON,François,26679,"13,08","35,28",F,LE PEN,Marine,24604,"12,06","32,54",M,MACRON,Emmanuel,11119,"5,45","14,7",M,MÉLENCHON,Jean-Luc,5952,"2,92","7,87",M,HAMON,Benoît,2203,"1,08","2,91",M,DUPONT-AIGNAN,Nicolas,1767,"0,87","2,34",M,ASSELINEAU,François,1206,"0,59","1,59",M,POUTOU,Philippe,755,"0,37",1,F,ARTHAUD,Nathalie,689,"0,34","0,91",M,LASSALLE,Jean,447,"0,22","0,59",M,CHEMINADE,Jacques,201,"0,1","0,27"
ZS,Saint-Pierre-et-Miquelon,4966,2238,"45,07",2728,"54,93",70,"1,41","2,57",26,"0,52","0,95",2632,53,"96,48",M,MÉLENCHON,Jean-Luc,933,"18,79","35,45",F,LE PEN,Marine,478,"9,63","18,16",M,MACRON,Emmanuel,473,"9,52","17,97",M,FILLON,François,261,"5,26","9,92",M,HAMON,Benoît,217,"4,37","8,24",M,DUPONT-AIGNAN,Nicolas,79,"1,59",3,M,POUTOU,Philippe,64,"1,29","2,43",M,LASSALLE,Jean,54,"1,09","2,05",M,ASSELINEAU,François,36,"0,72","1,37",F,ARTHAUD,Nathalie,28,"0,56","1,06",M,CHEMINADE,Jacques,9,"0,18","0,34"
ZW,Wallis et Futuna,8464,3053,"36,07",5411,"63,93",35,"0,41","0,65",28,"0,33","0,52",5348,"63,19","98,84",M,MACRON,Emmanuel,1630,"19,26","30,48",M,FILLON,François,1526,"18,03","28,53",M,HAMON,Benoît,1349,"15,94","25,22",F,LE PEN,Marine,380,"4,49","7,11",M,MÉLENCHON,Jean-Luc,192,"2,27","3,59",M,DUPONT-AIGNAN,Nicolas,79,"0,93","1,48",F,ARTHAUD,Nathalie,54,"0,64","1,01",M,ASSELINEAU,François,50,"0,59","0,93",M,POUTOU,Philippe,41,"0,48","0,77",M,LASSALLE,Jean,29,"0,34","0,54",M,CHEMINADE,Jacques,18,"0,21","0,34"
ZX,Saint-Martin/Saint-Barthélemy,25385,17202,"67,76",8183,"32,24",211,"0,83","2,58",107,"0,42","1,31",7865,"30,98","96,11",M,FILLON,François,2518,"9,92","32,02",F,LE PEN,Marine,1834,"7,22","23,32",M,MACRON,Emmanuel,1572,"6,19","19,99",M,MÉLENCHON,Jean-Luc,1153,"4,54","14,66",M,HAMON,Benoît,247,"0,97","3,14",M,DUPONT-AIGNAN,Nicolas,216,"0,85","2,75",M,ASSELINEAU,François,112,"0,44","1,42",M,POUTOU,Philippe,92,"0,36","1,17",M,LASSALLE,Jean,68,"0,27","0,86",F,ARTHAUD,Nathalie,35,"0,14","0,45",M,CHEMINADE,Jacques,18,"0,07","0,23"
ZZ,Français établis hors de France,1264113,704383,"55,72",559730,"44,28",3169,"0,25","0,57",2442,"0,19","0,44",554119,"43,83",99,M,MACRON,Emmanuel,223879,"17,71","40,4",M,FILLON,François,145829,"11,54","26,32",M,MÉLENCHON,Jean-Luc,87692,"6,94","15,83",M,HAMON,Benoît,38092,"3,01","6,87",F,LE PEN,Marine,35926,"2,84","6,48",M,DUPONT-AIGNAN,Nicolas,8837,"0,7","1,59",M,ASSELINEAU,François,5578,"0,44","1,01",M,POUTOU,Philippe,3414,"0,27","0,62",M,LASSALLE,Jean,2530,"0,2","0,46",F,ARTHAUD,Nathalie,1312,"0,1","0,24",M,CHEMINADE,Jacques,1030,"0,08","0,19"